name,diet,period,lived_in,type,length,taxonomy,named_by,species,link,year film,film
allosaurus,carnivorous,Late Jurassic 156-144 million years ago,USA,large theropod,12.0,Dinosauria Saurischia Theropoda Neotheropoda Tetanurae Avetheropoda Carnosauria Allosauroidea Allosauridae,Marsh (1877),fragilis,https://www.nhm.ac.uk/discover/dino-directory/allosaurus.html,2018-01-01,jurassic world: fallen kingdom
ankylosaurus,herbivorous,Late Cretaceous 74-67 million years ago,USA,armoured dinosaur,7.0,Dinosauria Ornithischia Genasauria Thyreophora Ankylosauromorpha Ankylosauria Ankylosauridae,Brown (1908),magniventris,https://www.nhm.ac.uk/discover/dino-directory/ankylosaurus.html,2001-01-01,jurassic park III
ankylosaurus,herbivorous,Late Cretaceous 74-67 million years ago,USA,armoured dinosaur,7.0,Dinosauria Ornithischia Genasauria Thyreophora Ankylosauromorpha Ankylosauria Ankylosauridae,Brown (1908),magniventris,https://www.nhm.ac.uk/discover/dino-directory/ankylosaurus.html,2015-01-01,jurassic world
ankylosaurus,herbivorous,Late Cretaceous 74-67 million years ago,USA,armoured dinosaur,7.0,Dinosauria Ornithischia Genasauria Thyreophora Ankylosauromorpha Ankylosauria Ankylosauridae,Brown (1908),magniventris,https://www.nhm.ac.uk/discover/dino-directory/ankylosaurus.html,2018-01-01,jurassic world: fallen kingdom
ankylosaurus,herbivorous,Late Cretaceous 74-67 million years ago,USA,armoured dinosaur,7.0,Dinosauria Ornithischia Genasauria Thyreophora Ankylosauromorpha Ankylosauria Ankylosauridae,Brown (1908),magniventris,https://www.nhm.ac.uk/discover/dino-directory/ankylosaurus.html,2022-01-01,jurassic world: dominion
ankylosaurus,herbivorous,Late Cretaceous 74-67 million years ago,USA,armoured dinosaur,7.0,Dinosauria Ornithischia Genasauria Thyreophora Ankylosauromorpha Ankylosauria Ankylosauridae,Brown (1908),magniventris,https://www.nhm.ac.uk/discover/dino-directory/ankylosaurus.html,2025-01-01,jurassic world: rebirth
apatosaurus,herbivorous,Late Jurassic 154-145 million years ago,USA,sauropod,21.0,Dinosauria Saurischia Sauropodomorpha Sauropoda Eusauropoda Neosauropoda Diplodocoidea Diplodocidae,Marsh (1877),ajax,https://www.nhm.ac.uk/discover/dino-directory/apatosaurus.html,1993-01-01,jurassic park
apatosaurus,herbivorous,Late Jurassic 154-145 million years ago,USA,sauropod,21.0,Dinosauria Saurischia Sauropodomorpha Sauropoda Eusauropoda Neosauropoda Diplodocoidea Diplodocidae,Marsh (1877),ajax,https://www.nhm.ac.uk/discover/dino-directory/apatosaurus.html,2015-01-01,jurassic world
baryonyx,carnivorous,Early Cretaceous 125 million years ago,United Kingdom,large theropod,10.0,Dinosauria Saurischia Theropoda Neotheropoda Tetanurae Spinosauroidea Spinosauridae Baryonychinae,Charig and Milner (1987),walkeri,https://www.nhm.ac.uk/discover/dino-directory/baryonyx.html,2018-01-01,jurassic world: fallen kingdom
brachiosaurus,herbivorous,Late Jurassic 155-140 million years ago,USA,sauropod,30.0,Dinosauria Saurischia Sauropodomorpha Sauropoda Eusauropoda Neosauropoda Macronaria Camarasauromorpha Titanosauriformes Brachiosauridae,Riggs (1903),altithorax,https://www.nhm.ac.uk/discover/dino-directory/brachiosaurus.html,1993-01-01,jurassic park
brachiosaurus,herbivorous,Late Jurassic 155-140 million years ago,USA,sauropod,30.0,Dinosauria Saurischia Sauropodomorpha Sauropoda Eusauropoda Neosauropoda Macronaria Camarasauromorpha Titanosauriformes Brachiosauridae,Riggs (1903),altithorax,https://www.nhm.ac.uk/discover/dino-directory/brachiosaurus.html,1997-01-01,the lost world: jurassic park
brachiosaurus,herbivorous,Late Jurassic 155-140 million years ago,USA,sauropod,30.0,Dinosauria Saurischia Sauropodomorpha Sauropoda Eusauropoda Neosauropoda Macronaria Camarasauromorpha Titanosauriformes Brachiosauridae,Riggs (1903),altithorax,https://www.nhm.ac.uk/discover/dino-directory/brachiosaurus.html,2001-01-01,jurassic park III
brachiosaurus,herbivorous,Late Jurassic 155-140 million years ago,USA,sauropod,30.0,Dinosauria Saurischia Sauropodomorpha Sauropoda Eusauropoda Neosauropoda Macronaria Camarasauromorpha Titanosauriformes Brachiosauridae,Riggs (1903),altithorax,https://www.nhm.ac.uk/discover/dino-directory/brachiosaurus.html,2015-01-01,jurassic world
brachiosaurus,herbivorous,Late Jurassic 155-140 million years ago,USA,sauropod,30.0,Dinosauria Saurischia Sauropodomorpha Sauropoda Eusauropoda Neosauropoda Macronaria Camarasauromorpha Titanosauriformes Brachiosauridae,Riggs (1903),altithorax,https://www.nhm.ac.uk/discover/dino-directory/brachiosaurus.html,2018-01-01,jurassic world: fallen kingdom
brachiosaurus,herbivorous,Late Jurassic 155-140 million years ago,USA,sauropod,30.0,Dinosauria Saurischia Sauropodomorpha Sauropoda Eusauropoda Neosauropoda Macronaria Camarasauromorpha Titanosauriformes Brachiosauridae,Riggs (1903),altithorax,https://www.nhm.ac.uk/discover/dino-directory/brachiosaurus.html,2022-01-01,jurassic world: dominion
brachiosaurus,herbivorous,Late Jurassic 155-140 million years ago,USA,sauropod,30.0,Dinosauria Saurischia Sauropodomorpha Sauropoda Eusauropoda Neosauropoda Macronaria Camarasauromorpha Titanosauriformes Brachiosauridae,Riggs (1903),altithorax,https://www.nhm.ac.uk/discover/dino-directory/brachiosaurus.html,2025-01-01,jurassic world: rebirth
carnotaurus,carnivorous,Late Cretaceous 70 million years ago,Argentina,large theropod,7.6,Dinosauria Saurischia Theropoda Neotheropoda Ceratosauria Neoceratosauria Abelisauridae,Bonaparte (1985),sastrei,https://www.nhm.ac.uk/discover/dino-directory/carnotaurus.html,2018-01-01,jurassic world: fallen kingdom
ceratosaurus,carnivorous,Late Jurassic 153-148 million years ago,USA,large theropod,6.0,Dinosauria Saurischia Theropoda Neotheropoda Ceratosauria Neoceratosauria,Marsh (1884),nasicornis,https://www.nhm.ac.uk/discover/dino-directory/ceratosaurus.html,2001-01-01,jurassic park III
compsognathus,carnivorous,Late Jurassic 145-140 million years ago,Germany,small theropod,0.65,Dinosauria Saurischia Theropoda Neotheropoda Tetanurae Avetheropoda Coelurosauria Compsognathidae,Wagner (1859),longipes,https://www.nhm.ac.uk/discover/dino-directory/compsognathus.html,1993-01-01,jurassic park
compsognathus,carnivorous,Late Jurassic 145-140 million years ago,Germany,small theropod,0.65,Dinosauria Saurischia Theropoda Neotheropoda Tetanurae Avetheropoda Coelurosauria Compsognathidae,Wagner (1859),longipes,https://www.nhm.ac.uk/discover/dino-directory/compsognathus.html,1997-01-01,the lost world: jurassic park
compsognathus,carnivorous,Late Jurassic 145-140 million years ago,Germany,small theropod,0.65,Dinosauria Saurischia Theropoda Neotheropoda Tetanurae Avetheropoda Coelurosauria Compsognathidae,Wagner (1859),longipes,https://www.nhm.ac.uk/discover/dino-directory/compsognathus.html,2001-01-01,jurassic park III
compsognathus,carnivorous,Late Jurassic 145-140 million years ago,Germany,small theropod,0.65,Dinosauria Saurischia Theropoda Neotheropoda Tetanurae Avetheropoda Coelurosauria Compsognathidae,Wagner (1859),longipes,https://www.nhm.ac.uk/discover/dino-directory/compsognathus.html,2015-01-01,jurassic world
compsognathus,carnivorous,Late Jurassic 145-140 million years ago,Germany,small theropod,0.65,Dinosauria Saurischia Theropoda Neotheropoda Tetanurae Avetheropoda Coelurosauria Compsognathidae,Wagner (1859),longipes,https://www.nhm.ac.uk/discover/dino-directory/compsognathus.html,2018-01-01,jurassic world: fallen kingdom
compsognathus,carnivorous,Late Jurassic 145-140 million years ago,Germany,small theropod,0.65,Dinosauria Saurischia Theropoda Neotheropoda Tetanurae Avetheropoda Coelurosauria Compsognathidae,Wagner (1859),longipes,https://www.nhm.ac.uk/discover/dino-directory/compsognathus.html,2022-01-01,jurassic world: dominion
compsognathus,carnivorous,Late Jurassic 145-140 million years ago,Germany,small theropod,0.65,Dinosauria Saurischia Theropoda Neotheropoda Tetanurae Avetheropoda Coelurosauria Compsognathidae,Wagner (1859),longipes,https://www.nhm.ac.uk/discover/dino-directory/compsognathus.html,2025-01-01,jurassic world: rebirth
corythosaurus,herbivorous,Late Cretaceous 76-74 million years ago,USA,euornithopod,10.0,Dinosauria Ornithischia Genasauria Cerapoda Ornithopoda Euornithopoda Iguanadontia Euiguanadontia Dryomorpha Ankylopollexia Iguanodontoidea Hadrosauridae Euhadrosauria Lambeosaurinae,Brown (1914),casuarius,https://www.nhm.ac.uk/discover/dino-directory/corythosaurus.html,2001-01-01,jurassic park III
dilophosaurus,carnivorous,Early Jurassic 190 million years ago,USA,large theropod,6.0,Dinosauria Saurischia Theropoda Neotheropoda Dilophosauridae,wetherilli,Extra,https://www.nhm.ac.uk/discover/dino-directory/dilophosaurus.html,1993-01-01,jurassic park
gallimimus,omnivorous,Late Cretaceous 74-70 million years ago,Mongolia,large theropod,6.0,Dinosauria Saurischia Theropoda Neotheropoda Tetanurae Avetheropoda Coelurosauria Tyrannoraptora Maniraptoriformes Ornithomimosauria Ornithomimidae,Osmólska Roniewicz and Barsbold (1972),bullatus,https://www.nhm.ac.uk/discover/dino-directory/gallimimus.html,1993-01-01,jurassic park
gallimimus,omnivorous,Late Cretaceous 74-70 million years ago,Mongolia,large theropod,6.0,Dinosauria Saurischia Theropoda Neotheropoda Tetanurae Avetheropoda Coelurosauria Tyrannoraptora Maniraptoriformes Ornithomimosauria Ornithomimidae,Osmólska Roniewicz and Barsbold (1972),bullatus,https://www.nhm.ac.uk/discover/dino-directory/gallimimus.html,1997-01-01,the lost world: jurassic park
gallimimus,omnivorous,Late Cretaceous 74-70 million years ago,Mongolia,large theropod,6.0,Dinosauria Saurischia Theropoda Neotheropoda Tetanurae Avetheropoda Coelurosauria Tyrannoraptora Maniraptoriformes Ornithomimosauria Ornithomimidae,Osmólska Roniewicz and Barsbold (1972),bullatus,https://www.nhm.ac.uk/discover/dino-directory/gallimimus.html,2001-01-01,jurassic park III
gallimimus,omnivorous,Late Cretaceous 74-70 million years ago,Mongolia,large theropod,6.0,Dinosauria Saurischia Theropoda Neotheropoda Tetanurae Avetheropoda Coelurosauria Tyrannoraptora Maniraptoriformes Ornithomimosauria Ornithomimidae,Osmólska Roniewicz and Barsbold (1972),bullatus,https://www.nhm.ac.uk/discover/dino-directory/gallimimus.html,2015-01-01,jurassic world
gallimimus,omnivorous,Late Cretaceous 74-70 million years ago,Mongolia,large theropod,6.0,Dinosauria Saurischia Theropoda Neotheropoda Tetanurae Avetheropoda Coelurosauria Tyrannoraptora Maniraptoriformes Ornithomimosauria Ornithomimidae,Osmólska Roniewicz and Barsbold (1972),bullatus,https://www.nhm.ac.uk/discover/dino-directory/gallimimus.html,2018-01-01,jurassic world: fallen kingdom
gallimimus,omnivorous,Late Cretaceous 74-70 million years ago,Mongolia,large theropod,6.0,Dinosauria Saurischia Theropoda Neotheropoda Tetanurae Avetheropoda Coelurosauria Tyrannoraptora Maniraptoriformes Ornithomimosauria Ornithomimidae,Osmólska Roniewicz and Barsbold (1972),bullatus,https://www.nhm.ac.uk/discover/dino-directory/gallimimus.html,2022-01-01,jurassic world: dominion
gallimimus,omnivorous,Late Cretaceous 74-70 million years ago,Mongolia,large theropod,6.0,Dinosauria Saurischia Theropoda Neotheropoda Tetanurae Avetheropoda Coelurosauria Tyrannoraptora Maniraptoriformes Ornithomimosauria Ornithomimidae,Osmólska Roniewicz and Barsbold (1972),bullatus,https://www.nhm.ac.uk/discover/dino-directory/gallimimus.html,2025-01-01,jurassic world: rebirth
giganotosaurus,carnivorous,Early Cretaceous 112-90 million years ago,Argentina,large theropod,12.5,Dinosauria Saurischia Theropoda Neotheropoda Tetanurae Avetheropoda Carnosauria Allosauroidea Carcharodontosauridae,Coria and Salgado (1995),carolinii,https://www.nhm.ac.uk/discover/dino-directory/giganotosaurus.html,2001-01-01,jurassic park III
giganotosaurus,carnivorous,Early Cretaceous 112-90 million years ago,Argentina,large theropod,12.5,Dinosauria Saurischia Theropoda Neotheropoda Tetanurae Avetheropoda Carnosauria Allosauroidea Carcharodontosauridae,Coria and Salgado (1995),carolinii,https://www.nhm.ac.uk/discover/dino-directory/giganotosaurus.html,2022-01-01,jurassic world: dominion
mamenchisaurus,herbivorous,Late Jurassic 155-145 million years ago,China,sauropod,22.0,Dinosauria Saurischia Sauropodomorpha Sauropoda Eusauropoda,Young (1954),constructus,https://www.nhm.ac.uk/discover/dino-directory/mamenchisaurus.html,1997-01-01,the lost world: jurassic park
microceratus,herbivorous,Late Cretaceous 86-66 million years ago,Mongolia,ceratopsian,0.5,Dinosauria Ornithischia Genasauria Cerapoda Marginocephalia Ceratopsia Neoceratopsia Coronosauria,Bohlin (1953),gobiensis,https://www.nhm.ac.uk/discover/dino-directory/microceratus.html,2022-01-01,jurassic world: dominion
pachycephalosaurus,herbivorous,Late Cretaceous 76-65 million years ago,USA,euornithopod,8.0,Dinosauria Ornithischia Genasauria Cerapoda Marginocephalia Pachycephalosauria Goyocephala Homalocephaloidea Pachycephalosauridae,Brown and Schlaikjer (1943),wyomingensis,https://www.nhm.ac.uk/discover/dino-directory/pachycephalosaurus.html,1993-01-01,jurassic park
pachycephalosaurus,herbivorous,Late Cretaceous 76-65 million years ago,USA,euornithopod,8.0,Dinosauria Ornithischia Genasauria Cerapoda Marginocephalia Pachycephalosauria Goyocephala Homalocephaloidea Pachycephalosauridae,Brown and Schlaikjer (1943),wyomingensis,https://www.nhm.ac.uk/discover/dino-directory/pachycephalosaurus.html,1997-01-01,the lost world: jurassic park
pachycephalosaurus,herbivorous,Late Cretaceous 76-65 million years ago,USA,euornithopod,8.0,Dinosauria Ornithischia Genasauria Cerapoda Marginocephalia Pachycephalosauria Goyocephala Homalocephaloidea Pachycephalosauridae,Brown and Schlaikjer (1943),wyomingensis,https://www.nhm.ac.uk/discover/dino-directory/pachycephalosaurus.html,2001-01-01,jurassic park III
pachycephalosaurus,herbivorous,Late Cretaceous 76-65 million years ago,USA,euornithopod,8.0,Dinosauria Ornithischia Genasauria Cerapoda Marginocephalia Pachycephalosauria Goyocephala Homalocephaloidea Pachycephalosauridae,Brown and Schlaikjer (1943),wyomingensis,https://www.nhm.ac.uk/discover/dino-directory/pachycephalosaurus.html,2015-01-01,jurassic world
pachycephalosaurus,herbivorous,Late Cretaceous 76-65 million years ago,USA,euornithopod,8.0,Dinosauria Ornithischia Genasauria Cerapoda Marginocephalia Pachycephalosauria Goyocephala Homalocephaloidea Pachycephalosauridae,Brown and Schlaikjer (1943),wyomingensis,https://www.nhm.ac.uk/discover/dino-directory/pachycephalosaurus.html,2018-01-01,jurassic world: fallen kingdom
pachycephalosaurus,herbivorous,Late Cretaceous 76-65 million years ago,USA,euornithopod,8.0,Dinosauria Ornithischia Genasauria Cerapoda Marginocephalia Pachycephalosauria Goyocephala Homalocephaloidea Pachycephalosauridae,Brown and Schlaikjer (1943),wyomingensis,https://www.nhm.ac.uk/discover/dino-directory/pachycephalosaurus.html,2022-01-01,jurassic world: dominion
pachycephalosaurus,herbivorous,Late Cretaceous 76-65 million years ago,USA,euornithopod,8.0,Dinosauria Ornithischia Genasauria Cerapoda Marginocephalia Pachycephalosauria Goyocephala Homalocephaloidea Pachycephalosauridae,Brown and Schlaikjer (1943),wyomingensis,https://www.nhm.ac.uk/discover/dino-directory/pachycephalosaurus.html,2025-01-01,jurassic world: rebirth
parasaurolophus,herbivorous,Late Cretaceous 76-74 million years ago,USA,euornithopod,11.0,Dinosauria Ornithischia Genasauria Cerapoda Ornithopoda Euornithopoda Iguanadontia Euiguanadontia Dryomorpha Ankylopollexia Iguanodontoidea Hadrosauridae Euhadrosauria Lambeosaurinae,Parks (1922),walkeri,https://www.nhm.ac.uk/discover/dino-directory/parasaurolophus.html,1993-01-01,jurassic park
parasaurolophus,herbivorous,Late Cretaceous 76-74 million years ago,USA,euornithopod,11.0,Dinosauria Ornithischia Genasauria Cerapoda Ornithopoda Euornithopoda Iguanadontia Euiguanadontia Dryomorpha Ankylopollexia Iguanodontoidea Hadrosauridae Euhadrosauria Lambeosaurinae,Parks (1922),walkeri,https://www.nhm.ac.uk/discover/dino-directory/parasaurolophus.html,1997-01-01,the lost world: jurassic park
parasaurolophus,herbivorous,Late Cretaceous 76-74 million years ago,USA,euornithopod,11.0,Dinosauria Ornithischia Genasauria Cerapoda Ornithopoda Euornithopoda Iguanadontia Euiguanadontia Dryomorpha Ankylopollexia Iguanodontoidea Hadrosauridae Euhadrosauria Lambeosaurinae,Parks (1922),walkeri,https://www.nhm.ac.uk/discover/dino-directory/parasaurolophus.html,2015-01-01,jurassic world
parasaurolophus,herbivorous,Late Cretaceous 76-74 million years ago,USA,euornithopod,11.0,Dinosauria Ornithischia Genasauria Cerapoda Ornithopoda Euornithopoda Iguanadontia Euiguanadontia Dryomorpha Ankylopollexia Iguanodontoidea Hadrosauridae Euhadrosauria Lambeosaurinae,Parks (1922),walkeri,https://www.nhm.ac.uk/discover/dino-directory/parasaurolophus.html,2022-01-01,jurassic world: dominion
parasaurolophus,herbivorous,Late Cretaceous 76-74 million years ago,USA,euornithopod,11.0,Dinosauria Ornithischia Genasauria Cerapoda Ornithopoda Euornithopoda Iguanadontia Euiguanadontia Dryomorpha Ankylopollexia Iguanodontoidea Hadrosauridae Euhadrosauria Lambeosaurinae,Parks (1922),walkeri,https://www.nhm.ac.uk/discover/dino-directory/parasaurolophus.html,2025-01-01,jurassic world: rebirth
spinosaurus,carnivorous,Late Cretaceous 95-70 million years ago,Morocco,large theropod,18.0,Dinosauria Saurischia Theropoda Neotheropoda Tetanurae Spinosauroidea Spinosauridae Spinosaurinae,Stromer (1915),aegyptiacus,https://www.nhm.ac.uk/discover/dino-directory/spinosaurus.html,2001-01-01,jurassic park III
stegosaurus,herbivorous,Late Jurassic 155-145 million years ago,USA,armoured dinosaur,9.0,Dinosauria Ornithischia Genasauria Thyreophora Stegosauria Stegosauridae Stegosaurinae,Marsh (1877),armatus,https://www.nhm.ac.uk/discover/dino-directory/stegosaurus.html,1993-01-01,jurassic park
stegosaurus,herbivorous,Late Jurassic 155-145 million years ago,USA,armoured dinosaur,9.0,Dinosauria Ornithischia Genasauria Thyreophora Stegosauria Stegosauridae Stegosaurinae,Marsh (1877),armatus,https://www.nhm.ac.uk/discover/dino-directory/stegosaurus.html,1997-01-01,the lost world: jurassic park
stegosaurus,herbivorous,Late Jurassic 155-145 million years ago,USA,armoured dinosaur,9.0,Dinosauria Ornithischia Genasauria Thyreophora Stegosauria Stegosauridae Stegosaurinae,Marsh (1877),armatus,https://www.nhm.ac.uk/discover/dino-directory/stegosaurus.html,2015-01-01,jurassic world
stegosaurus,herbivorous,Late Jurassic 155-145 million years ago,USA,armoured dinosaur,9.0,Dinosauria Ornithischia Genasauria Thyreophora Stegosauria Stegosauridae Stegosaurinae,Marsh (1877),armatus,https://www.nhm.ac.uk/discover/dino-directory/stegosaurus.html,2018-01-01,jurassic world: fallen kingdom
stegosaurus,herbivorous,Late Jurassic 155-145 million years ago,USA,armoured dinosaur,9.0,Dinosauria Ornithischia Genasauria Thyreophora Stegosauria Stegosauridae Stegosaurinae,Marsh (1877),armatus,https://www.nhm.ac.uk/discover/dino-directory/stegosaurus.html,2022-01-01,jurassic world: dominion
stegosaurus,herbivorous,Late Jurassic 155-145 million years ago,USA,armoured dinosaur,9.0,Dinosauria Ornithischia Genasauria Thyreophora Stegosauria Stegosauridae Stegosaurinae,Marsh (1877),armatus,https://www.nhm.ac.uk/discover/dino-directory/stegosaurus.html,2025-01-01,jurassic world: rebirth
styracosaurus,herbivorous,Late Cretaceous 76-70 million years ago,USA,ceratopsian,5.5,Dinosauria Ornithischia Genasauria Cerapoda Marginocephalia Ceratopsia Neoceratopsia Coronosauria Ceratopsidae Centrosaurinae,Lambe (1913),albertensis,https://www.nhm.ac.uk/discover/dino-directory/styracosaurus.html,1997-01-01,the lost world: jurassic park
styracosaurus,herbivorous,Late Cretaceous 76-70 million years ago,USA,ceratopsian,5.5,Dinosauria Ornithischia Genasauria Cerapoda Marginocephalia Ceratopsia Neoceratopsia Coronosauria Ceratopsidae Centrosaurinae,Lambe (1913),albertensis,https://www.nhm.ac.uk/discover/dino-directory/styracosaurus.html,2001-01-01,jurassic park III
suchomimus,carnivorous,Early Cretaceous 121-112 million years ago,Niger,large theropod,11.0,Dinosauria Saurischia Theropoda Neotheropoda Tetanurae Spinosauroidea Spinosauridae Baryonychinae,Sereno Beck Dutheil Gado Larsson Lyon Marcot Rauhut Sadleir Sidor Varricchio Wilson and Wilson (1998),tenerensis,https://www.nhm.ac.uk/discover/dino-directory/suchomimus.html,1997-01-01,the lost world: jurassic park
suchomimus,carnivorous,Early Cretaceous 121-112 million years ago,Niger,large theropod,11.0,Dinosauria Saurischia Theropoda Neotheropoda Tetanurae Spinosauroidea Spinosauridae Baryonychinae,Sereno Beck Dutheil Gado Larsson Lyon Marcot Rauhut Sadleir Sidor Varricchio Wilson and Wilson (1998),tenerensis,https://www.nhm.ac.uk/discover/dino-directory/suchomimus.html,2001-01-01,jurassic park III
suchomimus,carnivorous,Early Cretaceous 121-112 million years ago,Niger,large theropod,11.0,Dinosauria Saurischia Theropoda Neotheropoda Tetanurae Spinosauroidea Spinosauridae Baryonychinae,Sereno Beck Dutheil Gado Larsson Lyon Marcot Rauhut Sadleir Sidor Varricchio Wilson and Wilson (1998),tenerensis,https://www.nhm.ac.uk/discover/dino-directory/suchomimus.html,2015-01-01,jurassic world
suchomimus,carnivorous,Early Cretaceous 121-112 million years ago,Niger,large theropod,11.0,Dinosauria Saurischia Theropoda Neotheropoda Tetanurae Spinosauroidea Spinosauridae Baryonychinae,Sereno Beck Dutheil Gado Larsson Lyon Marcot Rauhut Sadleir Sidor Varricchio Wilson and Wilson (1998),tenerensis,https://www.nhm.ac.uk/discover/dino-directory/suchomimus.html,2022-01-01,jurassic world: dominion
suchomimus,carnivorous,Early Cretaceous 121-112 million years ago,Niger,large theropod,11.0,Dinosauria Saurischia Theropoda Neotheropoda Tetanurae Spinosauroidea Spinosauridae Baryonychinae,Sereno Beck Dutheil Gado Larsson Lyon Marcot Rauhut Sadleir Sidor Varricchio Wilson and Wilson (1998),tenerensis,https://www.nhm.ac.uk/discover/dino-directory/suchomimus.html,2025-01-01,jurassic world: rebirth
triceratops,herbivorous,Late Cretaceous 68-66 million years ago,USA,ceratopsian,9.0,Dinosauria Ornithischia Genasauria Cerapoda Marginocephalia Ceratopsia Neoceratopsia Coronosauria Ceratopsidae Chasmosaurinae,Marsh (1889),horridus,https://www.nhm.ac.uk/discover/dino-directory/triceratops.html,1993-01-01,jurassic park
triceratops,herbivorous,Late Cretaceous 68-66 million years ago,USA,ceratopsian,9.0,Dinosauria Ornithischia Genasauria Cerapoda Marginocephalia Ceratopsia Neoceratopsia Coronosauria Ceratopsidae Chasmosaurinae,Marsh (1889),horridus,https://www.nhm.ac.uk/discover/dino-directory/triceratops.html,2015-01-01,jurassic world
triceratops,herbivorous,Late Cretaceous 68-66 million years ago,USA,ceratopsian,9.0,Dinosauria Ornithischia Genasauria Cerapoda Marginocephalia Ceratopsia Neoceratopsia Coronosauria Ceratopsidae Chasmosaurinae,Marsh (1889),horridus,https://www.nhm.ac.uk/discover/dino-directory/triceratops.html,2018-01-01,jurassic world: fallen kingdom
triceratops,herbivorous,Late Cretaceous 68-66 million years ago,USA,ceratopsian,9.0,Dinosauria Ornithischia Genasauria Cerapoda Marginocephalia Ceratopsia Neoceratopsia Coronosauria Ceratopsidae Chasmosaurinae,Marsh (1889),horridus,https://www.nhm.ac.uk/discover/dino-directory/triceratops.html,2022-01-01,jurassic world: dominion
triceratops,herbivorous,Late Cretaceous 68-66 million years ago,USA,ceratopsian,9.0,Dinosauria Ornithischia Genasauria Cerapoda Marginocephalia Ceratopsia Neoceratopsia Coronosauria Ceratopsidae Chasmosaurinae,Marsh (1889),horridus,https://www.nhm.ac.uk/discover/dino-directory/triceratops.html,2025-01-01,jurassic world: rebirth
tyrannosaurus,carnivorous,Late Cretaceous 68-66 million years ago,USA,large theropod,12.0,Dinosauria Saurischia Theropoda Neotheropoda Tetanurae Avetheropoda Coelurosauria Tyrannoraptora Tyrannosauroidea Tyrannosauridae Tyrannosaurinae,Osborn (1905),rex,https://www.nhm.ac.uk/discover/dino-directory/tyrannosaurus.html,1993-01-01,jurassic park
tyrannosaurus,carnivorous,Late Cretaceous 68-66 million years ago,USA,large theropod,12.0,Dinosauria Saurischia Theropoda Neotheropoda Tetanurae Avetheropoda Coelurosauria Tyrannoraptora Tyrannosauroidea Tyrannosauridae Tyrannosaurinae,Osborn (1905),rex,https://www.nhm.ac.uk/discover/dino-directory/tyrannosaurus.html,1997-01-01,the lost world: jurassic park
tyrannosaurus,carnivorous,Late Cretaceous 68-66 million years ago,USA,large theropod,12.0,Dinosauria Saurischia Theropoda Neotheropoda Tetanurae Avetheropoda Coelurosauria Tyrannoraptora Tyrannosauroidea Tyrannosauridae Tyrannosaurinae,Osborn (1905),rex,https://www.nhm.ac.uk/discover/dino-directory/tyrannosaurus.html,2001-01-01,jurassic park III
tyrannosaurus,carnivorous,Late Cretaceous 68-66 million years ago,USA,large theropod,12.0,Dinosauria Saurischia Theropoda Neotheropoda Tetanurae Avetheropoda Coelurosauria Tyrannoraptora Tyrannosauroidea Tyrannosauridae Tyrannosaurinae,Osborn (1905),rex,https://www.nhm.ac.uk/discover/dino-directory/tyrannosaurus.html,2015-01-01,jurassic world
tyrannosaurus,carnivorous,Late Cretaceous 68-66 million years ago,USA,large theropod,12.0,Dinosauria Saurischia Theropoda Neotheropoda Tetanurae Avetheropoda Coelurosauria Tyrannoraptora Tyrannosauroidea Tyrannosauridae Tyrannosaurinae,Osborn (1905),rex,https://www.nhm.ac.uk/discover/dino-directory/tyrannosaurus.html,2018-01-01,jurassic world: fallen kingdom
tyrannosaurus,carnivorous,Late Cretaceous 68-66 million years ago,USA,large theropod,12.0,Dinosauria Saurischia Theropoda Neotheropoda Tetanurae Avetheropoda Coelurosauria Tyrannoraptora Tyrannosauroidea Tyrannosauridae Tyrannosaurinae,Osborn (1905),rex,https://www.nhm.ac.uk/discover/dino-directory/tyrannosaurus.html,2022-01-01,jurassic world: dominion
tyrannosaurus,carnivorous,Late Cretaceous 68-66 million years ago,USA,large theropod,12.0,Dinosauria Saurischia Theropoda Neotheropoda Tetanurae Avetheropoda Coelurosauria Tyrannoraptora Tyrannosauroidea Tyrannosauridae Tyrannosaurinae,Osborn (1905),rex,https://www.nhm.ac.uk/discover/dino-directory/tyrannosaurus.html,2025-01-01,jurassic world: rebirth
velociraptor,carnivorous,Late Cretaceous 74-70 million years ago,Mongolia,small theropod,1.8,Dinosauria Saurischia Theropoda Neotheropoda Tetanurae Avetheropoda Coelurosauria Tyrannoraptora Maniraptoriformes Maniraptora Paraves Eumaniraptora Dromaeosauridae,Osborn (1924),mongoliensis,https://www.nhm.ac.uk/discover/dino-directory/velociraptor.html,1993-01-01,jurassic park
velociraptor,carnivorous,Late Cretaceous 74-70 million years ago,Mongolia,small theropod,1.8,Dinosauria Saurischia Theropoda Neotheropoda Tetanurae Avetheropoda Coelurosauria Tyrannoraptora Maniraptoriformes Maniraptora Paraves Eumaniraptora Dromaeosauridae,Osborn (1924),mongoliensis,https://www.nhm.ac.uk/discover/dino-directory/velociraptor.html,2001-01-01,jurassic park III
velociraptor,carnivorous,Late Cretaceous 74-70 million years ago,Mongolia,small theropod,1.8,Dinosauria Saurischia Theropoda Neotheropoda Tetanurae Avetheropoda Coelurosauria Tyrannoraptora Maniraptoriformes Maniraptora Paraves Eumaniraptora Dromaeosauridae,Osborn (1924),mongoliensis,https://www.nhm.ac.uk/discover/dino-directory/velociraptor.html,2015-01-01,jurassic world
velociraptor,carnivorous,Late Cretaceous 74-70 million years ago,Mongolia,small theropod,1.8,Dinosauria Saurischia Theropoda Neotheropoda Tetanurae Avetheropoda Coelurosauria Tyrannoraptora Maniraptoriformes Maniraptora Paraves Eumaniraptora Dromaeosauridae,Osborn (1924),mongoliensis,https://www.nhm.ac.uk/discover/dino-directory/velociraptor.html,2018-01-01,jurassic world: fallen kingdom
velociraptor,carnivorous,Late Cretaceous 74-70 million years ago,Mongolia,small theropod,1.8,Dinosauria Saurischia Theropoda Neotheropoda Tetanurae Avetheropoda Coelurosauria Tyrannoraptora Maniraptoriformes Maniraptora Paraves Eumaniraptora Dromaeosauridae,Osborn (1924),mongoliensis,https://www.nhm.ac.uk/discover/dino-directory/velociraptor.html,2022-01-01,jurassic world: dominion
velociraptor,carnivorous,Late Cretaceous 74-70 million years ago,Mongolia,small theropod,1.8,Dinosauria Saurischia Theropoda Neotheropoda Tetanurae Avetheropoda Coelurosauria Tyrannoraptora Maniraptoriformes Maniraptora Paraves Eumaniraptora Dromaeosauridae,Osborn (1924),mongoliensis,https://www.nhm.ac.uk/discover/dino-directory/velociraptor.html,2025-01-01,jurassic world: rebirth
